# Name,           Type, SubType, Offset,   Size
nvs,              data, nvs,     0x9000,   0x6000
factory,          app,  factory, 0x10000,  0x3F0000
# Font packages, one per partition labelled with the file stem, mapped by main.c; they hold zstd packages at 12x24,
# stored ones only at 8x16
shiroko-latin,    data, 0x40,    0x400000, 0x40000
shiroko-cjk-ko,   data, 0x40,    ,         0x640000
shiroko-symbols,  data, 0x40,    ,         0x40000
shiroko-emoji,    data, 0x40,    ,         0xA0000
shiroko-nerd,     data, 0x40,    ,         0xB0000
